Simul_number,Time,A,c0,Mobility,k,Energy,c_mean
1,499.95,0.2,0.3,1,0.5,0.008815,0.2999
2,499.95,0.21,0.3,1,0.5,0.009255,0.2999
3,499.95,0.22,0.3,1,0.5,0.009699,0.3001
4,499.95,0.23,0.3,1,0.5,0.010134,0.3
5,499.95,0.24,0.3,1,0.5,0.010556,0.2999
6,499.95,0.25,0.3,1,0.5,0.010953,0.2999
7,499.95,0.26,0.3,1,0.5,0.0114,0.3
8,499.95,0.27,0.3,1,0.5,0.011559,0.3
9,499.95,0.28,0.3,1,0.5,0.010972,0.3
10,499.95,0.29,0.3,1,0.5,0.01104,0.2999
11,499.95,0.3,0.3,1,0.5,0.010463,0.3001
12,499.95,0.31,0.3,1,0.5,0.010265,0.2999
13,499.95,0.32,0.3,1,0.5,0.010495,0.3
14,499.95,0.33,0.3,1,0.5,0.010461,0.3
15,499.95,0.34,0.3,1,0.5,0.010833,0.3001
16,499.95,0.35,0.3,1,0.5,0.010733,0.3001
17,499.95,0.36,0.3,1,0.5,0.011322,0.2999
18,499.95,0.37,0.3,1,0.5,0.011639,0.3001
19,499.95,0.38,0.3,1,0.5,0.011265,0.2999
20,499.95,0.39,0.3,1,0.5,0.012403,0.2999
21,499.95,0.4,0.3,1,0.5,0.011586,0.2999
22,499.95,0.41,0.3,1,0.5,0.012679,0.3
23,499.95,0.42,0.3,1,0.5,0.012418,0.2999
24,499.95,0.43,0.3,1,0.5,0.012768,0.2999
25,499.95,0.44,0.3,1,0.5,0.013186,0.3
26,499.95,0.45,0.3,1,0.5,0.012741,0.2999
27,499.95,0.46,0.3,1,0.5,0.012814,0.3
28,499.95,0.47,0.3,1,0.5,0.013672,0.2999
29,499.95,0.48,0.3,1,0.5,0.013226,0.3001
30,499.95,0.49,0.3,1,0.5,0.013778,0.3001
31,499.95,0.5,0.3,1,0.5,0.01417,0.3
32,499.95,0.51,0.3,1,0.5,0.013839,0.3
33,499.95,0.52,0.3,1,0.5,0.013863,0.2999
34,499.95,0.53,0.3,1,0.5,0.014091,0.2998
35,499.95,0.54,0.3,1,0.5,0.014551,0.3001
36,499.95,0.55,0.3,1,0.5,0.014165,0.2999
37,499.95,0.56,0.3,1,0.5,0.015458,0.3
38,499.95,0.57,0.3,1,0.5,0.015584,0.3
39,499.95,0.58,0.3,1,0.5,0.015392,0.2999
40,499.95,0.59,0.3,1,0.5,0.015137,0.2999
41,499.95,0.6,0.3,1,0.5,0.016116,0.3001
42,499.95,0.61,0.3,1,0.5,0.015859,0.3
43,499.95,0.62,0.3,1,0.5,0.015163,0.3001
44,499.95,0.63,0.3,1,0.5,0.014538,0.3
45,499.95,0.64,0.3,1,0.5,0.015114,0.2999
46,499.95,0.65,0.3,1,0.5,0.015442,0.3
47,499.95,0.66,0.3,1,0.5,0.015954,0.3
48,499.95,0.67,0.3,1,0.5,0.015192,0.3002
49,499.95,0.68,0.3,1,0.5,0.016843,0.3001
50,499.95,0.69,0.3,1,0.5,0.016503,0.3
51,499.95,0.7,0.3,1,0.5,0.016795,0.3
52,499.95,0.71,0.3,1,0.5,0.016902,0.3
53,499.95,0.72,0.3,1,0.5,0.016227,0.3
54,499.95,0.73,0.3,1,0.5,0.016749,0.3
55,499.95,0.74,0.3,1,0.5,0.016065,0.3
56,499.95,0.75,0.3,1,0.5,0.016868,0.3
57,499.95,0.76,0.3,1,0.5,0.017548,0.3
58,499.95,0.77,0.3,1,0.5,0.016303,0.3001
59,499.95,0.78,0.3,1,0.5,0.016553,0.3002
60,499.95,0.79,0.3,1,0.5,0.018123,0.3
61,499.95,0.8,0.3,1,0.5,0.017718,0.3
62,499.95,0.81,0.3,1,0.5,0.017552,0.3
63,499.95,0.82,0.3,1,0.5,0.017344,0.2999
64,499.95,0.83,0.3,1,0.5,0.016446,0.2998
65,499.95,0.84,0.3,1,0.5,0.018443,0.3001
66,499.95,0.85,0.3,1,0.5,0.017905,0.3002
67,499.95,0.86,0.3,1,0.5,0.017734,0.3
68,499.95,0.87,0.3,1,0.5,0.017998,0.3
69,499.95,0.88,0.3,1,0.5,0.018664,0.2999
70,499.95,0.89,0.3,1,0.5,0.017152,0.3
71,499.95,0.9,0.3,1,0.5,0.017426,0.3001
72,499.95,0.91,0.3,1,0.5,0.018184,0.2999
73,499.95,0.92,0.3,1,0.5,0.01723,0.3
74,499.95,0.93,0.3,1,0.5,0.01821,0.3
75,499.95,0.94,0.3,1,0.5,0.018268,0.3001
76,499.95,0.95,0.3,1,0.5,0.019242,0.2998
77,499.95,0.96,0.3,1,0.5,0.018904,0.3
78,499.95,0.97,0.3,1,0.5,0.019233,0.3
79,499.95,0.98,0.3,1,0.5,0.019522,0.2999
80,499.95,0.99,0.3,1,0.5,0.01857,0.3
81,499.95,1.0,0.3,1,0.5,0.018862,0.2999
82,499.95,1.01,0.3,1,0.5,0.019552,0.2999
83,499.95,1.02,0.3,1,0.5,0.018151,0.3001
84,499.95,1.03,0.3,1,0.5,0.019671,0.3
85,499.95,1.04,0.3,1,0.5,0.019621,0.2999
86,499.95,1.05,0.3,1,0.5,0.019182,0.3
87,499.95,1.06,0.3,1,0.5,0.01974,0.3
88,499.95,1.07,0.3,1,0.5,0.018916,0.3001
89,499.95,1.08,0.3,1,0.5,0.018622,0.3
90,499.95,1.09,0.3,1,0.5,0.018456,0.3002
91,499.95,1.1,0.3,1,0.5,0.020128,0.2999
92,499.95,1.11,0.3,1,0.5,0.019177,0.2999
93,499.95,1.12,0.3,1,0.5,0.019574,0.3001
94,499.95,1.13,0.3,1,0.5,0.019443,0.3001
95,499.95,1.14,0.3,1,0.5,0.02188,0.2999
96,499.95,1.15,0.3,1,0.5,0.020605,0.3
97,499.95,1.16,0.3,1,0.5,0.01907,0.2999
98,499.95,1.17,0.3,1,0.5,0.020567,0.3
99,499.95,1.18,0.3,1,0.5,0.019577,0.2999
100,499.95,1.19,0.3,1,0.5,0.020777,0.2999
101,499.95,1.2,0.3,1,0.5,0.022375,0.3
102,499.95,0.2,0.35,1,0.5,0.009874,0.3501
103,499.95,0.21,0.35,1,0.5,0.009447,0.3499
104,499.95,0.22,0.35,1,0.5,0.009701,0.3498
105,499.95,0.23,0.35,1,0.5,0.009444,0.3499
106,499.95,0.24,0.35,1,0.5,0.009805,0.3499
107,499.95,0.25,0.35,1,0.5,0.010322,0.3499
108,499.95,0.26,0.35,1,0.5,0.010273,0.35
109,499.95,0.27,0.35,1,0.5,0.010606,0.35
110,499.95,0.28,0.35,1,0.5,0.010528,0.35
111,499.95,0.29,0.35,1,0.5,0.010778,0.3501
112,499.95,0.3,0.35,1,0.5,0.011437,0.3499
113,499.95,0.31,0.35,1,0.5,0.011599,0.3499
114,499.95,0.32,0.35,1,0.5,0.011215,0.35
115,499.95,0.33,0.35,1,0.5,0.011989,0.3499
116,499.95,0.34,0.35,1,0.5,0.012303,0.35
117,499.95,0.35,0.35,1,0.5,0.012333,0.3499
118,499.95,0.36,0.35,1,0.5,0.012676,0.3499
119,499.95,0.37,0.35,1,0.5,0.01274,0.3499
120,499.95,0.38,0.35,1,0.5,0.013141,0.35
121,499.95,0.39,0.35,1,0.5,0.013048,0.3499
122,499.95,0.4,0.35,1,0.5,0.013059,0.3499
123,499.95,0.41,0.35,1,0.5,0.013799,0.3502
124,499.95,0.42,0.35,1,0.5,0.013302,0.3501
125,499.95,0.43,0.35,1,0.5,0.013532,0.3502
126,499.95,0.44,0.35,1,0.5,0.01378,0.35
127,499.95,0.45,0.35,1,0.5,0.014501,0.3502
128,499.95,0.46,0.35,1,0.5,0.014317,0.3501
129,499.95,0.47,0.35,1,0.5,0.014323,0.35
130,499.95,0.48,0.35,1,0.5,0.014709,0.35
131,499.95,0.49,0.35,1,0.5,0.015011,0.35
132,499.95,0.5,0.35,1,0.5,0.01439,0.3501
133,499.95,0.51,0.35,1,0.5,0.014719,0.3501
134,499.95,0.52,0.35,1,0.5,0.015636,0.35
135,499.95,0.53,0.35,1,0.5,0.014701,0.35
136,499.95,0.54,0.35,1,0.5,0.015751,0.35
137,499.95,0.55,0.35,1,0.5,0.014866,0.35
138,499.95,0.56,0.35,1,0.5,0.013978,0.3501
139,499.95,0.57,0.35,1,0.5,0.015695,0.3499
140,499.95,0.58,0.35,1,0.5,0.016705,0.3501
141,499.95,0.59,0.35,1,0.5,0.015701,0.3499
142,499.95,0.6,0.35,1,0.5,0.015825,0.35
143,499.95,0.61,0.35,1,0.5,0.014934,0.3499
144,499.95,0.62,0.35,1,0.5,0.016276,0.35
145,499.95,0.63,0.35,1,0.5,0.016384,0.3499
146,499.95,0.64,0.35,1,0.5,0.01527,0.3501
147,499.95,0.65,0.35,1,0.5,0.016251,0.3501
148,499.95,0.66,0.35,1,0.5,0.016729,0.3501
149,499.95,0.67,0.35,1,0.5,0.016352,0.3499
150,499.95,0.68,0.35,1,0.5,0.016544,0.3499
151,499.95,0.69,0.35,1,0.5,0.01708,0.3499
152,499.95,0.7,0.35,1,0.5,0.017067,0.35
153,499.95,0.71,0.35,1,0.5,0.016714,0.3501
154,499.95,0.72,0.35,1,0.5,0.0155,0.3502
155,499.95,0.73,0.35,1,0.5,0.017703,0.3498
156,499.95,0.74,0.35,1,0.5,0.017771,0.3501
157,499.95,0.75,0.35,1,0.5,0.017499,0.3501
158,499.95,0.76,0.35,1,0.5,0.018781,0.3501
159,499.95,0.77,0.35,1,0.5,0.016714,0.35
160,499.95,0.78,0.35,1,0.5,0.017198,0.35
161,499.95,0.79,0.35,1,0.5,0.01822,0.35
162,499.95,0.8,0.35,1,0.5,0.018044,0.3499
163,499.95,0.81,0.35,1,0.5,0.017795,0.3501
164,499.95,0.82,0.35,1,0.5,0.01786,0.3499
165,499.95,0.83,0.35,1,0.5,0.019109,0.3501
166,499.95,0.84,0.35,1,0.5,0.017114,0.35
167,499.95,0.85,0.35,1,0.5,0.018321,0.3499
168,499.95,0.86,0.35,1,0.5,0.017965,0.35
169,499.95,0.87,0.35,1,0.5,0.018575,0.3501
170,499.95,0.88,0.35,1,0.5,0.019303,0.3501
171,499.95,0.89,0.35,1,0.5,0.019261,0.35
172,499.95,0.9,0.35,1,0.5,0.016883,0.3499
173,499.95,0.91,0.35,1,0.5,0.017032,0.35
174,499.95,0.92,0.35,1,0.5,0.019185,0.3502
175,499.95,0.93,0.35,1,0.5,0.020177,0.3499
176,499.95,0.94,0.35,1,0.5,0.019945,0.35
177,499.95,0.95,0.35,1,0.5,0.019764,0.3499
178,499.95,0.96,0.35,1,0.5,0.019558,0.3501
179,499.95,0.97,0.35,1,0.5,0.018828,0.35
180,499.95,0.98,0.35,1,0.5,0.019813,0.3499
181,499.95,0.99,0.35,1,0.5,0.019938,0.35
182,499.95,1.0,0.35,1,0.5,0.019484,0.3501
183,499.95,1.01,0.35,1,0.5,0.018235,0.3501
184,499.95,1.02,0.35,1,0.5,0.020164,0.35
185,499.95,1.03,0.35,1,0.5,0.020778,0.35
186,499.95,1.04,0.35,1,0.5,0.019848,0.3501
187,499.95,1.05,0.35,1,0.5,0.02005,0.35
188,499.95,1.06,0.35,1,0.5,0.018829,0.35
189,499.95,1.07,0.35,1,0.5,0.021456,0.3501
190,499.95,1.08,0.35,1,0.5,0.01998,0.3499
191,499.95,1.09,0.35,1,0.5,0.021173,0.3501
192,499.95,1.1,0.35,1,0.5,0.019739,0.3501
193,499.95,1.11,0.35,1,0.5,0.021243,0.3501
194,499.95,1.12,0.35,1,0.5,0.02059,0.3498
195,499.95,1.13,0.35,1,0.5,0.02116,0.3498
196,499.95,1.14,0.35,1,0.5,0.021313,0.3499
197,499.95,1.15,0.35,1,0.5,0.020419,0.3501
198,499.95,1.16,0.35,1,0.5,0.02208,0.3499
199,499.95,1.17,0.35,1,0.5,0.022141,0.3499
200,499.95,1.18,0.35,1,0.5,0.022319,0.35
201,499.95,1.19,0.35,1,0.5,0.019243,0.3499
202,499.95,1.2,0.35,1,0.5,0.023566,0.35
203,499.95,0.2,0.4,1,0.5,0.009444,0.4001
204,499.95,0.21,0.4,1,0.5,0.009683,0.4
205,499.95,0.22,0.4,1,0.5,0.009714,0.4001
206,499.95,0.23,0.4,1,0.5,0.01015,0.4
207,499.95,0.24,0.4,1,0.5,0.010437,0.4
208,499.95,0.25,0.4,1,0.5,0.010707,0.3997
209,499.95,0.26,0.4,1,0.5,0.01104,0.4
210,499.95,0.27,0.4,1,0.5,0.010952,0.4
211,499.95,0.28,0.4,1,0.5,0.011342,0.4
212,499.95,0.29,0.4,1,0.5,0.011883,0.3999
213,499.95,0.3,0.4,1,0.5,0.012144,0.3998
214,499.95,0.31,0.4,1,0.5,0.011764,0.4
215,499.95,0.32,0.4,1,0.5,0.012164,0.4001
216,499.95,0.33,0.4,1,0.5,0.01228,0.4
217,499.95,0.34,0.4,1,0.5,0.012506,0.4
218,499.95,0.35,0.4,1,0.5,0.011935,0.4001
219,499.95,0.36,0.4,1,0.5,0.012335,0.4001
220,499.95,0.37,0.4,1,0.5,0.012996,0.4
221,499.95,0.38,0.4,1,0.5,0.01307,0.4001
222,499.95,0.39,0.4,1,0.5,0.012277,0.4
223,499.95,0.4,0.4,1,0.5,0.012975,0.3999
224,499.95,0.41,0.4,1,0.5,0.012864,0.4001
225,499.95,0.42,0.4,1,0.5,0.013101,0.4001
226,499.95,0.43,0.4,1,0.5,0.013738,0.4
227,499.95,0.44,0.4,1,0.5,0.012575,0.4
228,499.95,0.45,0.4,1,0.5,0.012968,0.4001
229,499.95,0.46,0.4,1,0.5,0.013361,0.3999
230,499.95,0.47,0.4,1,0.5,0.013557,0.3999
231,499.95,0.48,0.4,1,0.5,0.01305,0.4
232,499.95,0.49,0.4,1,0.5,0.013538,0.4
233,499.95,0.5,0.4,1,0.5,0.013655,0.4001
234,499.95,0.51,0.4,1,0.5,0.013965,0.4
235,499.95,0.52,0.4,1,0.5,0.014648,0.3999
236,499.95,0.53,0.4,1,0.5,0.013443,0.4
237,499.95,0.54,0.4,1,0.5,0.014155,0.3999
238,499.95,0.55,0.4,1,0.5,0.014226,0.4001
239,499.95,0.56,0.4,1,0.5,0.013712,0.4
240,499.95,0.57,0.4,1,0.5,0.014721,0.4
241,499.95,0.58,0.4,1,0.5,0.013807,0.3999
242,499.95,0.59,0.4,1,0.5,0.015019,0.4
243,499.95,0.6,0.4,1,0.5,0.014588,0.3999
244,499.95,0.61,0.4,1,0.5,0.016472,0.4001
245,499.95,0.62,0.4,1,0.5,0.015146,0.4
246,499.95,0.63,0.4,1,0.5,0.015527,0.4
247,499.95,0.64,0.4,1,0.5,0.015548,0.3999
248,499.95,0.65,0.4,1,0.5,0.014473,0.4
249,499.95,0.66,0.4,1,0.5,0.016282,0.4
250,499.95,0.67,0.4,1,0.5,0.015247,0.4
251,499.95,0.68,0.4,1,0.5,0.014574,0.4
252,499.95,0.69,0.4,1,0.5,0.015946,0.4
253,499.95,0.7,0.4,1,0.5,0.015886,0.4002
254,499.95,0.71,0.4,1,0.5,0.016181,0.4001
255,499.95,0.72,0.4,1,0.5,0.016812,0.4
256,499.95,0.73,0.4,1,0.5,0.016643,0.4
257,499.95,0.74,0.4,1,0.5,0.016588,0.4
258,499.95,0.75,0.4,1,0.5,0.016462,0.4002
259,499.95,0.76,0.4,1,0.5,0.016207,0.4001
260,499.95,0.77,0.4,1,0.5,0.017343,0.4
261,499.95,0.78,0.4,1,0.5,0.017672,0.4
262,499.95,0.79,0.4,1,0.5,0.016573,0.4
263,499.95,0.8,0.4,1,0.5,0.017826,0.3999
264,499.95,0.81,0.4,1,0.5,0.017925,0.3999
265,499.95,0.82,0.4,1,0.5,0.017308,0.4
266,499.95,0.83,0.4,1,0.5,0.015975,0.4001
267,499.95,0.84,0.4,1,0.5,0.017319,0.4001
268,499.95,0.85,0.4,1,0.5,0.017227,0.4
269,499.95,0.86,0.4,1,0.5,0.0175,0.4001
270,499.95,0.87,0.4,1,0.5,0.017358,0.4
271,499.95,0.88,0.4,1,0.5,0.018986,0.3999
272,499.95,0.89,0.4,1,0.5,0.015213,0.3999
273,499.95,0.9,0.4,1,0.5,0.017596,0.4001
274,499.95,0.91,0.4,1,0.5,0.016535,0.4
275,499.95,0.92,0.4,1,0.5,0.018414,0.4
276,499.95,0.93,0.4,1,0.5,0.017064,0.4002
277,499.95,0.94,0.4,1,0.5,0.019532,0.3999
278,499.95,0.95,0.4,1,0.5,0.018638,0.4
279,499.95,0.96,0.4,1,0.5,0.018888,0.3998
280,499.95,0.97,0.4,1,0.5,0.019422,0.4001
281,499.95,0.98,0.4,1,0.5,0.018941,0.3999
282,499.95,0.99,0.4,1,0.5,0.018344,0.4001
283,499.95,1.0,0.4,1,0.5,0.017999,0.3999
284,499.95,1.01,0.4,1,0.5,0.019487,0.4001
285,499.95,1.02,0.4,1,0.5,0.018766,0.3999
286,499.95,1.03,0.4,1,0.5,0.018056,0.4001
287,499.95,1.04,0.4,1,0.5,0.019471,0.3999
288,499.95,1.05,0.4,1,0.5,0.019853,0.4
289,499.95,1.06,0.4,1,0.5,0.020548,0.4
290,499.95,1.07,0.4,1,0.5,0.019495,0.4001
291,499.95,1.08,0.4,1,0.5,0.019498,0.4001
292,499.95,1.09,0.4,1,0.5,0.019382,0.4001
293,499.95,1.1,0.4,1,0.5,0.02099,0.4001
294,499.95,1.11,0.4,1,0.5,0.019754,0.3999
295,499.95,1.12,0.4,1,0.5,0.021114,0.4
296,499.95,1.13,0.4,1,0.5,0.020369,0.4001
297,499.95,1.14,0.4,1,0.5,0.019385,0.4001
298,499.95,1.15,0.4,1,0.5,0.020966,0.4001
299,499.95,1.16,0.4,1,0.5,0.019442,0.4001
300,499.95,1.17,0.4,1,0.5,0.021566,0.4
301,499.95,1.18,0.4,1,0.5,0.019039,0.4001
302,499.95,1.19,0.4,1,0.5,0.019974,0.4002
303,499.95,1.2,0.4,1,0.5,0.018562,0.4
304,499.95,0.2,0.45,1,0.5,0.009837,0.45
305,499.95,0.21,0.45,1,0.5,0.009967,0.4501
306,499.95,0.22,0.45,1,0.5,0.010432,0.45
307,499.95,0.23,0.45,1,0.5,0.01065,0.45
308,499.95,0.24,0.45,1,0.5,0.010681,0.4501
309,499.95,0.25,0.45,1,0.5,0.011211,0.4501
310,499.95,0.26,0.45,1,0.5,0.011271,0.4502
311,499.95,0.27,0.45,1,0.5,0.010788,0.4499
312,499.95,0.28,0.45,1,0.5,0.01133,0.45
313,499.95,0.29,0.45,1,0.5,0.011566,0.45
314,499.95,0.3,0.45,1,0.5,0.011441,0.4501
315,499.95,0.31,0.45,1,0.5,0.011862,0.4498
316,499.95,0.32,0.45,1,0.5,0.012015,0.4501
317,499.95,0.33,0.45,1,0.5,0.012003,0.4499
318,499.95,0.34,0.45,1,0.5,0.012089,0.4498
319,499.95,0.35,0.45,1,0.5,0.012561,0.4502
320,499.95,0.36,0.45,1,0.5,0.012266,0.4501
321,499.95,0.37,0.45,1,0.5,0.011992,0.45
322,499.95,0.38,0.45,1,0.5,0.012522,0.4498
323,499.95,0.39,0.45,1,0.5,0.012538,0.4498
324,499.95,0.4,0.45,1,0.5,0.012202,0.4501
325,499.95,0.41,0.45,1,0.5,0.012438,0.4501
326,499.95,0.42,0.45,1,0.5,0.012453,0.4499
327,499.95,0.43,0.45,1,0.5,0.012628,0.4501
328,499.95,0.44,0.45,1,0.5,0.012736,0.4502
329,499.95,0.45,0.45,1,0.5,0.013609,0.45
330,499.95,0.46,0.45,1,0.5,0.012577,0.45
331,499.95,0.47,0.45,1,0.5,0.013853,0.4501
332,499.95,0.48,0.45,1,0.5,0.013753,0.4501
333,499.95,0.49,0.45,1,0.5,0.013113,0.45
334,499.95,0.5,0.45,1,0.5,0.012236,0.4501
335,499.95,0.51,0.45,1,0.5,0.013569,0.45
336,499.95,0.52,0.45,1,0.5,0.013423,0.4501
337,499.95,0.53,0.45,1,0.5,0.013242,0.4501
338,499.95,0.54,0.45,1,0.5,0.014171,0.45
339,499.95,0.55,0.45,1,0.5,0.01329,0.45
340,499.95,0.56,0.45,1,0.5,0.014069,0.45
341,499.95,0.57,0.45,1,0.5,0.014334,0.45
342,499.95,0.58,0.45,1,0.5,0.013628,0.4501
343,499.95,0.59,0.45,1,0.5,0.01375,0.45
344,499.95,0.6,0.45,1,0.5,0.014036,0.45
345,499.95,0.61,0.45,1,0.5,0.013521,0.45
346,499.95,0.62,0.45,1,0.5,0.014164,0.4501
347,499.95,0.63,0.45,1,0.5,0.014813,0.45
348,499.95,0.64,0.45,1,0.5,0.014586,0.4501
349,499.95,0.65,0.45,1,0.5,0.014064,0.4501
350,499.95,0.66,0.45,1,0.5,0.015464,0.4501
351,499.95,0.67,0.45,1,0.5,0.014406,0.4501
352,499.95,0.68,0.45,1,0.5,0.015019,0.4501
353,499.95,0.69,0.45,1,0.5,0.015122,0.4501
354,499.95,0.7,0.45,1,0.5,0.015906,0.4501
355,499.95,0.71,0.45,1,0.5,0.01523,0.45
356,499.95,0.72,0.45,1,0.5,0.014769,0.4499
357,499.95,0.73,0.45,1,0.5,0.016626,0.45
358,499.95,0.74,0.45,1,0.5,0.014599,0.45
359,499.95,0.75,0.45,1,0.5,0.015982,0.45
360,499.95,0.76,0.45,1,0.5,0.015946,0.45
361,499.95,0.77,0.45,1,0.5,0.015746,0.4499
362,499.95,0.78,0.45,1,0.5,0.015631,0.4501
363,499.95,0.79,0.45,1,0.5,0.016379,0.4501
364,499.95,0.8,0.45,1,0.5,0.01712,0.4501
365,499.95,0.81,0.45,1,0.5,0.016212,0.4501
366,499.95,0.82,0.45,1,0.5,0.017163,0.4498
367,499.95,0.83,0.45,1,0.5,0.016848,0.4501
368,499.95,0.84,0.45,1,0.5,0.016476,0.4502
369,499.95,0.85,0.45,1,0.5,0.014699,0.45
370,499.95,0.86,0.45,1,0.5,0.017267,0.4498
371,499.95,0.87,0.45,1,0.5,0.017158,0.45
372,499.95,0.88,0.45,1,0.5,0.016745,0.45
373,499.95,0.89,0.45,1,0.5,0.016208,0.45
374,499.95,0.9,0.45,1,0.5,0.01555,0.4501
375,499.95,0.91,0.45,1,0.5,0.016472,0.45
376,499.95,0.92,0.45,1,0.5,0.015407,0.45
377,499.95,0.93,0.45,1,0.5,0.017837,0.4499
378,499.95,0.94,0.45,1,0.5,0.017032,0.45
379,499.95,0.95,0.45,1,0.5,0.01793,0.4501
380,499.95,0.96,0.45,1,0.5,0.017852,0.4501
381,499.95,0.97,0.45,1,0.5,0.017348,0.45
382,499.95,0.98,0.45,1,0.5,0.017817,0.45
383,499.95,0.99,0.45,1,0.5,0.017572,0.45
384,499.95,1.0,0.45,1,0.5,0.017786,0.45
385,499.95,1.01,0.45,1,0.5,0.017757,0.4501
386,499.95,1.02,0.45,1,0.5,0.017937,0.4501
387,499.95,1.03,0.45,1,0.5,0.016849,0.4499
388,499.95,1.04,0.45,1,0.5,0.017392,0.4501
389,499.95,1.05,0.45,1,0.5,0.01865,0.45
390,499.95,1.06,0.45,1,0.5,0.018061,0.4502
391,499.95,1.07,0.45,1,0.5,0.017558,0.4499
392,499.95,1.08,0.45,1,0.5,0.017326,0.4498
393,499.95,1.09,0.45,1,0.5,0.018678,0.4501
394,499.95,1.1,0.45,1,0.5,0.018852,0.4501
395,499.95,1.11,0.45,1,0.5,0.01677,0.45
396,499.95,1.12,0.45,1,0.5,0.01791,0.4501
397,499.95,1.13,0.45,1,0.5,0.019645,0.4501
398,499.95,1.14,0.45,1,0.5,0.019399,0.4499
399,499.95,1.15,0.45,1,0.5,0.018267,0.45
400,499.95,1.16,0.45,1,0.5,0.01946,0.45
401,499.95,1.17,0.45,1,0.5,0.018535,0.4499
402,499.95,1.18,0.45,1,0.5,0.019022,0.45
403,499.95,1.19,0.45,1,0.5,0.019521,0.4501
404,499.95,1.2,0.45,1,0.5,0.019126,0.4499
405,499.95,0.2,0.5,1,0.5,0.01024,0.5
406,499.95,0.21,0.5,1,0.5,0.010144,0.5
407,499.95,0.22,0.5,1,0.5,0.010378,0.5
408,499.95,0.23,0.5,1,0.5,0.010109,0.5
409,499.95,0.24,0.5,1,0.5,0.010623,0.5
410,499.95,0.25,0.5,1,0.5,0.010768,0.5002
411,499.95,0.26,0.5,1,0.5,0.011062,0.4999
412,499.95,0.27,0.5,1,0.5,0.011183,0.5
413,499.95,0.28,0.5,1,0.5,0.010999,0.5
414,499.95,0.29,0.5,1,0.5,0.011565,0.5
415,499.95,0.3,0.5,1,0.5,0.012067,0.5
416,499.95,0.31,0.5,1,0.5,0.011803,0.5
417,499.95,0.32,0.5,1,0.5,0.011542,0.5
418,499.95,0.33,0.5,1,0.5,0.012114,0.5001
419,499.95,0.34,0.5,1,0.5,0.012002,0.4999
420,499.95,0.35,0.5,1,0.5,0.011964,0.5
421,499.95,0.36,0.5,1,0.5,0.012195,0.5
422,499.95,0.37,0.5,1,0.5,0.012882,0.5
423,499.95,0.38,0.5,1,0.5,0.012138,0.4999
424,499.95,0.39,0.5,1,0.5,0.012221,0.5002
425,499.95,0.4,0.5,1,0.5,0.012958,0.5001
426,499.95,0.41,0.5,1,0.5,0.013002,0.4999
427,499.95,0.42,0.5,1,0.5,0.012816,0.5002
428,499.95,0.43,0.5,1,0.5,0.012551,0.4999
429,499.95,0.44,0.5,1,0.5,0.012884,0.4999
430,499.95,0.45,0.5,1,0.5,0.013248,0.4998
431,499.95,0.46,0.5,1,0.5,0.012594,0.5
432,499.95,0.47,0.5,1,0.5,0.014271,0.5
433,499.95,0.48,0.5,1,0.5,0.013172,0.5001
434,499.95,0.49,0.5,1,0.5,0.01352,0.4999
435,499.95,0.5,0.5,1,0.5,0.013406,0.4999
436,499.95,0.51,0.5,1,0.5,0.014413,0.4999
437,499.95,0.52,0.5,1,0.5,0.014618,0.5
438,499.95,0.53,0.5,1,0.5,0.01393,0.5001
439,499.95,0.54,0.5,1,0.5,0.014082,0.5002
440,499.95,0.55,0.5,1,0.5,0.014284,0.5001
441,499.95,0.56,0.5,1,0.5,0.013471,0.5001
442,499.95,0.57,0.5,1,0.5,0.013849,0.5
443,499.95,0.58,0.5,1,0.5,0.014817,0.5001
444,499.95,0.59,0.5,1,0.5,0.013478,0.5001
445,499.95,0.6,0.5,1,0.5,0.014112,0.4998
446,499.95,0.61,0.5,1,0.5,0.014057,0.5
447,499.95,0.62,0.5,1,0.5,0.014282,0.5
448,499.95,0.63,0.5,1,0.5,0.015215,0.5001
449,499.95,0.64,0.5,1,0.5,0.015058,0.5002
450,499.95,0.65,0.5,1,0.5,0.015473,0.5001
451,499.95,0.66,0.5,1,0.5,0.014987,0.5
452,499.95,0.67,0.5,1,0.5,0.015938,0.5002
453,499.95,0.68,0.5,1,0.5,0.01571,0.5
454,499.95,0.69,0.5,1,0.5,0.015491,0.5
455,499.95,0.7,0.5,1,0.5,0.015251,0.5
456,499.95,0.71,0.5,1,0.5,0.016389,0.4999
457,499.95,0.72,0.5,1,0.5,0.015634,0.5001
458,499.95,0.73,0.5,1,0.5,0.016967,0.5
459,499.95,0.74,0.5,1,0.5,0.016318,0.5001
460,499.95,0.75,0.5,1,0.5,0.015028,0.5001
461,499.95,0.76,0.5,1,0.5,0.016231,0.4999
462,499.95,0.77,0.5,1,0.5,0.016591,0.5001
463,499.95,0.78,0.5,1,0.5,0.014434,0.4999
464,499.95,0.79,0.5,1,0.5,0.01556,0.5001
465,499.95,0.8,0.5,1,0.5,0.017874,0.5
466,499.95,0.81,0.5,1,0.5,0.015544,0.5
467,499.95,0.82,0.5,1,0.5,0.015649,0.5001
468,499.95,0.83,0.5,1,0.5,0.016878,0.5001
469,499.95,0.84,0.5,1,0.5,0.016191,0.4999
470,499.95,0.85,0.5,1,0.5,0.016128,0.5
471,499.95,0.86,0.5,1,0.5,0.017348,0.4999
472,499.95,0.87,0.5,1,0.5,0.015948,0.5
473,499.95,0.88,0.5,1,0.5,0.017711,0.5
474,499.95,0.89,0.5,1,0.5,0.016642,0.5
475,499.95,0.9,0.5,1,0.5,0.017227,0.5001
476,499.95,0.91,0.5,1,0.5,0.016112,0.5
477,499.95,0.92,0.5,1,0.5,0.016851,0.5
478,499.95,0.93,0.5,1,0.5,0.017742,0.5
479,499.95,0.94,0.5,1,0.5,0.019212,0.4999
480,499.95,0.95,0.5,1,0.5,0.017616,0.4999
481,499.95,0.96,0.5,1,0.5,0.016812,0.4999
482,499.95,0.97,0.5,1,0.5,0.017689,0.5001
483,499.95,0.98,0.5,1,0.5,0.017808,0.5
484,499.95,0.99,0.5,1,0.5,0.018077,0.5
485,499.95,1.0,0.5,1,0.5,0.018733,0.5003
486,499.95,1.01,0.5,1,0.5,0.016484,0.5001
487,499.95,1.02,0.5,1,0.5,0.017599,0.5
488,499.95,1.03,0.5,1,0.5,0.018853,0.4999
489,499.95,1.04,0.5,1,0.5,0.017887,0.5001
490,499.95,1.05,0.5,1,0.5,0.017809,0.4999
491,499.95,1.06,0.5,1,0.5,0.017352,0.5
492,499.95,1.07,0.5,1,0.5,0.018627,0.5
493,499.95,1.08,0.5,1,0.5,0.018956,0.4999
494,499.95,1.09,0.5,1,0.5,0.017261,0.5001
495,499.95,1.1,0.5,1,0.5,0.017388,0.5001
496,499.95,1.11,0.5,1,0.5,0.018218,0.5001
497,499.95,1.12,0.5,1,0.5,0.018721,0.5001
498,499.95,1.13,0.5,1,0.5,0.021378,0.5
499,499.95,1.14,0.5,1,0.5,0.020004,0.5001
500,499.95,1.15,0.5,1,0.5,0.018951,0.5001
501,499.95,1.16,0.5,1,0.5,0.017538,0.5001
502,499.95,1.17,0.5,1,0.5,0.019265,0.5001
503,499.95,1.18,0.5,1,0.5,0.017612,0.5001
504,499.95,1.19,0.5,1,0.5,0.019919,0.5001
505,499.95,1.2,0.5,1,0.5,0.017949,0.5
506,499.95,0.2,0.55,1,0.5,0.009826,0.5499
507,499.95,0.21,0.55,1,0.5,0.010025,0.5501
508,499.95,0.22,0.55,1,0.5,0.010037,0.55
509,499.95,0.23,0.55,1,0.5,0.010685,0.5499
510,499.95,0.24,0.55,1,0.5,0.010934,0.55
511,499.95,0.25,0.55,1,0.5,0.010993,0.55
512,499.95,0.26,0.55,1,0.5,0.011087,0.55
513,499.95,0.27,0.55,1,0.5,0.011343,0.55
514,499.95,0.28,0.55,1,0.5,0.011579,0.5501
515,499.95,0.29,0.55,1,0.5,0.011609,0.5501
516,499.95,0.3,0.55,1,0.5,0.01177,0.5499
517,499.95,0.31,0.55,1,0.5,0.01179,0.5501
518,499.95,0.32,0.55,1,0.5,0.011636,0.55
519,499.95,0.33,0.55,1,0.5,0.01199,0.55
520,499.95,0.34,0.55,1,0.5,0.012172,0.5501
521,499.95,0.35,0.55,1,0.5,0.011746,0.5501
522,499.95,0.36,0.55,1,0.5,0.012777,0.55
523,499.95,0.37,0.55,1,0.5,0.012049,0.55
524,499.95,0.38,0.55,1,0.5,0.012429,0.55
525,499.95,0.39,0.55,1,0.5,0.012285,0.55
526,499.95,0.4,0.55,1,0.5,0.012813,0.5499
527,499.95,0.41,0.55,1,0.5,0.01289,0.5501
528,499.95,0.42,0.55,1,0.5,0.013577,0.5498
529,499.95,0.43,0.55,1,0.5,0.012727,0.5501
530,499.95,0.44,0.55,1,0.5,0.012314,0.55
531,499.95,0.45,0.55,1,0.5,0.012652,0.5499
532,499.95,0.46,0.55,1,0.5,0.013108,0.55
533,499.95,0.47,0.55,1,0.5,0.012842,0.5501
534,499.95,0.48,0.55,1,0.5,0.012896,0.5499
535,499.95,0.49,0.55,1,0.5,0.01329,0.5499
536,499.95,0.5,0.55,1,0.5,0.013326,0.5499
537,499.95,0.51,0.55,1,0.5,0.013213,0.5502
538,499.95,0.52,0.55,1,0.5,0.013619,0.5501
539,499.95,0.53,0.55,1,0.5,0.013142,0.5501
540,499.95,0.54,0.55,1,0.5,0.013813,0.5499
541,499.95,0.55,0.55,1,0.5,0.013948,0.5499
542,499.95,0.56,0.55,1,0.5,0.0142,0.5501
543,499.95,0.57,0.55,1,0.5,0.01566,0.55
544,499.95,0.58,0.55,1,0.5,0.015001,0.55
545,499.95,0.59,0.55,1,0.5,0.014462,0.5501
546,499.95,0.6,0.55,1,0.5,0.014121,0.5501
547,499.95,0.61,0.55,1,0.5,0.014196,0.55
548,499.95,0.62,0.55,1,0.5,0.014534,0.5501
549,499.95,0.63,0.55,1,0.5,0.014901,0.55
550,499.95,0.64,0.55,1,0.5,0.015264,0.5499
551,499.95,0.65,0.55,1,0.5,0.015172,0.5499
552,499.95,0.66,0.55,1,0.5,0.015562,0.5501
553,499.95,0.67,0.55,1,0.5,0.014521,0.5499
554,499.95,0.68,0.55,1,0.5,0.014908,0.55
555,499.95,0.69,0.55,1,0.5,0.015043,0.55
556,499.95,0.7,0.55,1,0.5,0.015431,0.5501
557,499.95,0.71,0.55,1,0.5,0.015201,0.5499
558,499.95,0.72,0.55,1,0.5,0.015508,0.5501
559,499.95,0.73,0.55,1,0.5,0.015324,0.55
560,499.95,0.74,0.55,1,0.5,0.015783,0.5501
561,499.95,0.75,0.55,1,0.5,0.015175,0.55
562,499.95,0.76,0.55,1,0.5,0.01571,0.55
563,499.95,0.77,0.55,1,0.5,0.015234,0.5499
564,499.95,0.78,0.55,1,0.5,0.015904,0.5499
565,499.95,0.79,0.55,1,0.5,0.015324,0.5499
566,499.95,0.8,0.55,1,0.5,0.016258,0.5501
567,499.95,0.81,0.55,1,0.5,0.017203,0.5501
568,499.95,0.82,0.55,1,0.5,0.015832,0.5501
569,499.95,0.83,0.55,1,0.5,0.016224,0.5499
570,499.95,0.84,0.55,1,0.5,0.01595,0.55
571,499.95,0.85,0.55,1,0.5,0.017461,0.55
572,499.95,0.86,0.55,1,0.5,0.017977,0.55
573,499.95,0.87,0.55,1,0.5,0.017091,0.5499
574,499.95,0.88,0.55,1,0.5,0.016152,0.55
575,499.95,0.89,0.55,1,0.5,0.017852,0.5501
576,499.95,0.9,0.55,1,0.5,0.01772,0.5499
577,499.95,0.91,0.55,1,0.5,0.017064,0.55
578,499.95,0.92,0.55,1,0.5,0.015906,0.55
579,499.95,0.93,0.55,1,0.5,0.016486,0.5501
580,499.95,0.94,0.55,1,0.5,0.016298,0.55
581,499.95,0.95,0.55,1,0.5,0.017258,0.55
582,499.95,0.96,0.55,1,0.5,0.017025,0.5501
583,499.95,0.97,0.55,1,0.5,0.01694,0.5499
584,499.95,0.98,0.55,1,0.5,0.018271,0.55
585,499.95,0.99,0.55,1,0.5,0.017805,0.55
586,499.95,1.0,0.55,1,0.5,0.017669,0.5499
587,499.95,1.01,0.55,1,0.5,0.018371,0.55
588,499.95,1.02,0.55,1,0.5,0.016416,0.5501
589,499.95,1.03,0.55,1,0.5,0.017869,0.5499
590,499.95,1.04,0.55,1,0.5,0.017758,0.5501
591,499.95,1.05,0.55,1,0.5,0.017498,0.5499
592,499.95,1.06,0.55,1,0.5,0.018119,0.5501
593,499.95,1.07,0.55,1,0.5,0.018585,0.5502
594,499.95,1.08,0.55,1,0.5,0.016662,0.5501
595,499.95,1.09,0.55,1,0.5,0.018203,0.55
596,499.95,1.1,0.55,1,0.5,0.018174,0.5501
597,499.95,1.11,0.55,1,0.5,0.018195,0.5499
598,499.95,1.12,0.55,1,0.5,0.019062,0.55
599,499.95,1.13,0.55,1,0.5,0.016753,0.55
600,499.95,1.14,0.55,1,0.5,0.017781,0.5501
601,499.95,1.15,0.55,1,0.5,0.019908,0.5502
602,499.95,1.16,0.55,1,0.5,0.018926,0.5499
603,499.95,1.17,0.55,1,0.5,0.017476,0.5501
604,499.95,1.18,0.55,1,0.5,0.018044,0.55
605,499.95,1.19,0.55,1,0.5,0.020733,0.5501
606,499.95,1.2,0.55,1,0.5,0.018808,0.55
607,499.95,0.2,0.6,1,0.5,0.009529,0.5998
608,499.95,0.21,0.6,1,0.5,0.009655,0.6001
609,499.95,0.22,0.6,1,0.5,0.010104,0.5999
610,499.95,0.23,0.6,1,0.5,0.010292,0.6
611,499.95,0.24,0.6,1,0.5,0.010408,0.6
612,499.95,0.25,0.6,1,0.5,0.010557,0.5999
613,499.95,0.26,0.6,1,0.5,0.010685,0.6002
614,499.95,0.27,0.6,1,0.5,0.011172,0.6001
615,499.95,0.28,0.6,1,0.5,0.011792,0.5999
616,499.95,0.29,0.6,1,0.5,0.01144,0.6001
617,499.95,0.3,0.6,1,0.5,0.011611,0.6
618,499.95,0.31,0.6,1,0.5,0.011701,0.6
619,499.95,0.32,0.6,1,0.5,0.012289,0.6001
620,499.95,0.33,0.6,1,0.5,0.012532,0.6001
621,499.95,0.34,0.6,1,0.5,0.012223,0.6
622,499.95,0.35,0.6,1,0.5,0.011875,0.5999
623,499.95,0.36,0.6,1,0.5,0.012512,0.6
624,499.95,0.37,0.6,1,0.5,0.012407,0.5999
625,499.95,0.38,0.6,1,0.5,0.012142,0.6001
626,499.95,0.39,0.6,1,0.5,0.012294,0.6
627,499.95,0.4,0.6,1,0.5,0.01225,0.5999
628,499.95,0.41,0.6,1,0.5,0.013134,0.6
629,499.95,0.42,0.6,1,0.5,0.012994,0.5999
630,499.95,0.43,0.6,1,0.5,0.013494,0.6
631,499.95,0.44,0.6,1,0.5,0.012973,0.6
632,499.95,0.45,0.6,1,0.5,0.013192,0.6001
633,499.95,0.46,0.6,1,0.5,0.013678,0.5999
634,499.95,0.47,0.6,1,0.5,0.013633,0.6001
635,499.95,0.48,0.6,1,0.5,0.01419,0.6
636,499.95,0.49,0.6,1,0.5,0.013593,0.6
637,499.95,0.5,0.6,1,0.5,0.014046,0.5999
638,499.95,0.51,0.6,1,0.5,0.012815,0.6
639,499.95,0.52,0.6,1,0.5,0.014368,0.5999
640,499.95,0.53,0.6,1,0.5,0.013033,0.6
641,499.95,0.54,0.6,1,0.5,0.013862,0.5999
642,499.95,0.55,0.6,1,0.5,0.014211,0.5999
643,499.95,0.56,0.6,1,0.5,0.013674,0.5999
644,499.95,0.57,0.6,1,0.5,0.014165,0.6001
645,499.95,0.58,0.6,1,0.5,0.0146,0.6001
646,499.95,0.59,0.6,1,0.5,0.014982,0.6002
647,499.95,0.6,0.6,1,0.5,0.016009,0.6
648,499.95,0.61,0.6,1,0.5,0.015829,0.5999
649,499.95,0.62,0.6,1,0.5,0.014051,0.6
650,499.95,0.63,0.6,1,0.5,0.014789,0.6001
651,499.95,0.64,0.6,1,0.5,0.016887,0.6
652,499.95,0.65,0.6,1,0.5,0.016121,0.6
653,499.95,0.66,0.6,1,0.5,0.015966,0.6001
654,499.95,0.67,0.6,1,0.5,0.015914,0.6
655,499.95,0.68,0.6,1,0.5,0.015126,0.6
656,499.95,0.69,0.6,1,0.5,0.015584,0.5999
657,499.95,0.7,0.6,1,0.5,0.015082,0.6
658,499.95,0.71,0.6,1,0.5,0.015364,0.5998
659,499.95,0.72,0.6,1,0.5,0.016079,0.5999
660,499.95,0.73,0.6,1,0.5,0.016479,0.5999
661,499.95,0.74,0.6,1,0.5,0.017071,0.5999
662,499.95,0.75,0.6,1,0.5,0.015338,0.6001
663,499.95,0.76,0.6,1,0.5,0.01701,0.6
664,499.95,0.77,0.6,1,0.5,0.015908,0.6
665,499.95,0.78,0.6,1,0.5,0.017332,0.6
666,499.95,0.79,0.6,1,0.5,0.017417,0.6001
667,499.95,0.8,0.6,1,0.5,0.017108,0.6
668,499.95,0.81,0.6,1,0.5,0.017338,0.6001
669,499.95,0.82,0.6,1,0.5,0.018026,0.6
670,499.95,0.83,0.6,1,0.5,0.018529,0.6
671,499.95,0.84,0.6,1,0.5,0.014994,0.6
672,499.95,0.85,0.6,1,0.5,0.016847,0.6001
673,499.95,0.86,0.6,1,0.5,0.016429,0.6
674,499.95,0.87,0.6,1,0.5,0.016624,0.6
675,499.95,0.88,0.6,1,0.5,0.016671,0.6001
676,499.95,0.89,0.6,1,0.5,0.019169,0.6001
677,499.95,0.9,0.6,1,0.5,0.017325,0.6001
678,499.95,0.91,0.6,1,0.5,0.018087,0.6002
679,499.95,0.92,0.6,1,0.5,0.01897,0.6
680,499.95,0.93,0.6,1,0.5,0.020183,0.5999
681,499.95,0.94,0.6,1,0.5,0.018528,0.6001
682,499.95,0.95,0.6,1,0.5,0.019733,0.5999
683,499.95,0.96,0.6,1,0.5,0.018156,0.6
684,499.95,0.97,0.6,1,0.5,0.017883,0.5999
685,499.95,0.98,0.6,1,0.5,0.019764,0.5999
686,499.95,0.99,0.6,1,0.5,0.016781,0.6001
687,499.95,1.0,0.6,1,0.5,0.019316,0.5998
688,499.95,1.01,0.6,1,0.5,0.019736,0.6
689,499.95,1.02,0.6,1,0.5,0.015728,0.6001
690,499.95,1.03,0.6,1,0.5,0.017813,0.6
691,499.95,1.04,0.6,1,0.5,0.01944,0.6001
692,499.95,1.05,0.6,1,0.5,0.016875,0.5999
693,499.95,1.06,0.6,1,0.5,0.020165,0.6
694,499.95,1.07,0.6,1,0.5,0.018895,0.6001
695,499.95,1.08,0.6,1,0.5,0.019123,0.6
696,499.95,1.09,0.6,1,0.5,0.018837,0.6002
697,499.95,1.1,0.6,1,0.5,0.019502,0.6
698,499.95,1.11,0.6,1,0.5,0.020434,0.5999
699,499.95,1.12,0.6,1,0.5,0.01927,0.6001
700,499.95,1.13,0.6,1,0.5,0.020269,0.6
701,499.95,1.14,0.6,1,0.5,0.019129,0.6
702,499.95,1.15,0.6,1,0.5,0.022344,0.6
703,499.95,1.16,0.6,1,0.5,0.019625,0.6002
704,499.95,1.17,0.6,1,0.5,0.021057,0.6
705,499.95,1.18,0.6,1,0.5,0.020969,0.5999
706,499.95,1.19,0.6,1,0.5,0.020698,0.5999
707,499.95,1.2,0.6,1,0.5,0.020215,0.6
708,499.95,0.2,0.65,1,0.5,0.009856,0.65
709,499.95,0.21,0.65,1,0.5,0.009739,0.65
710,499.95,0.22,0.65,1,0.5,0.009539,0.6499
711,499.95,0.23,0.65,1,0.5,0.009528,0.6502
712,499.95,0.24,0.65,1,0.5,0.01008,0.65
713,499.95,0.25,0.65,1,0.5,0.010345,0.6501
714,499.95,0.26,0.65,1,0.5,0.010438,0.65
715,499.95,0.27,0.65,1,0.5,0.010365,0.65
716,499.95,0.28,0.65,1,0.5,0.010663,0.6499
717,499.95,0.29,0.65,1,0.5,0.011032,0.6499
718,499.95,0.3,0.65,1,0.5,0.01082,0.65
719,499.95,0.31,0.65,1,0.5,0.011098,0.6498
720,499.95,0.32,0.65,1,0.5,0.011547,0.65
721,499.95,0.33,0.65,1,0.5,0.011948,0.65
722,499.95,0.34,0.65,1,0.5,0.012224,0.6501
723,499.95,0.35,0.65,1,0.5,0.012286,0.6501
724,499.95,0.36,0.65,1,0.5,0.012619,0.65
725,499.95,0.37,0.65,1,0.5,0.012439,0.65
726,499.95,0.38,0.65,1,0.5,0.01315,0.6499
727,499.95,0.39,0.65,1,0.5,0.013162,0.6501
728,499.95,0.4,0.65,1,0.5,0.012929,0.65
729,499.95,0.41,0.65,1,0.5,0.013711,0.6501
730,499.95,0.42,0.65,1,0.5,0.013774,0.6499
731,499.95,0.43,0.65,1,0.5,0.013507,0.65
732,499.95,0.44,0.65,1,0.5,0.014532,0.6501
733,499.95,0.45,0.65,1,0.5,0.013842,0.65
734,499.95,0.46,0.65,1,0.5,0.013276,0.6501
735,499.95,0.47,0.65,1,0.5,0.013213,0.65
736,499.95,0.48,0.65,1,0.5,0.015086,0.65
737,499.95,0.49,0.65,1,0.5,0.01497,0.6501
738,499.95,0.5,0.65,1,0.5,0.014621,0.65
739,499.95,0.51,0.65,1,0.5,0.014432,0.65
740,499.95,0.52,0.65,1,0.5,0.015116,0.6501
741,499.95,0.53,0.65,1,0.5,0.015269,0.65
742,499.95,0.54,0.65,1,0.5,0.015089,0.6501
743,499.95,0.55,0.65,1,0.5,0.01444,0.65
744,499.95,0.56,0.65,1,0.5,0.015535,0.6502
745,499.95,0.57,0.65,1,0.5,0.015678,0.6501
746,499.95,0.58,0.65,1,0.5,0.015139,0.65
747,499.95,0.59,0.65,1,0.5,0.015079,0.6499
748,499.95,0.6,0.65,1,0.5,0.016168,0.65
749,499.95,0.61,0.65,1,0.5,0.015752,0.65
750,499.95,0.62,0.65,1,0.5,0.015957,0.6499
751,499.95,0.63,0.65,1,0.5,0.015244,0.6499
752,499.95,0.64,0.65,1,0.5,0.014843,0.65
753,499.95,0.65,0.65,1,0.5,0.01679,0.6499
754,499.95,0.66,0.65,1,0.5,0.016801,0.6501
755,499.95,0.67,0.65,1,0.5,0.015251,0.65
756,499.95,0.68,0.65,1,0.5,0.016457,0.6501
757,499.95,0.69,0.65,1,0.5,0.015993,0.65
758,499.95,0.7,0.65,1,0.5,0.017466,0.65
759,499.95,0.71,0.65,1,0.5,0.017185,0.6501
760,499.95,0.72,0.65,1,0.5,0.017239,0.6499
761,499.95,0.73,0.65,1,0.5,0.017617,0.6499
762,499.95,0.74,0.65,1,0.5,0.016947,0.6502
763,499.95,0.75,0.65,1,0.5,0.018007,0.65
764,499.95,0.76,0.65,1,0.5,0.017749,0.65
765,499.95,0.77,0.65,1,0.5,0.016799,0.6499
766,499.95,0.78,0.65,1,0.5,0.018142,0.65
767,499.95,0.79,0.65,1,0.5,0.017768,0.65
768,499.95,0.8,0.65,1,0.5,0.016051,0.6499
769,499.95,0.81,0.65,1,0.5,0.017158,0.65
770,499.95,0.82,0.65,1,0.5,0.018419,0.6499
771,499.95,0.83,0.65,1,0.5,0.018107,0.6501
772,499.95,0.84,0.65,1,0.5,0.018701,0.6499
773,499.95,0.85,0.65,1,0.5,0.019152,0.65
774,499.95,0.86,0.65,1,0.5,0.018918,0.6499
775,499.95,0.87,0.65,1,0.5,0.018903,0.65
776,499.95,0.88,0.65,1,0.5,0.018072,0.65
777,499.95,0.89,0.65,1,0.5,0.019341,0.6501
778,499.95,0.9,0.65,1,0.5,0.018076,0.65
779,499.95,0.91,0.65,1,0.5,0.018518,0.6499
780,499.95,0.92,0.65,1,0.5,0.019295,0.6501
781,499.95,0.93,0.65,1,0.5,0.017838,0.6501
782,499.95,0.94,0.65,1,0.5,0.019074,0.65
783,499.95,0.95,0.65,1,0.5,0.018884,0.65
784,499.95,0.96,0.65,1,0.5,0.018514,0.6499
785,499.95,0.97,0.65,1,0.5,0.020432,0.6501
786,499.95,0.98,0.65,1,0.5,0.019205,0.6499
787,499.95,0.99,0.65,1,0.5,0.021356,0.6499
788,499.95,1.0,0.65,1,0.5,0.019971,0.6499
789,499.95,1.01,0.65,1,0.5,0.021075,0.6501
790,499.95,1.02,0.65,1,0.5,0.021612,0.65
791,499.95,1.03,0.65,1,0.5,0.021102,0.65
792,499.95,1.04,0.65,1,0.5,0.019458,0.6499
793,499.95,1.05,0.65,1,0.5,0.021353,0.6501
794,499.95,1.06,0.65,1,0.5,0.018163,0.6501
795,499.95,1.07,0.65,1,0.5,0.019999,0.6499
796,499.95,1.08,0.65,1,0.5,0.021518,0.6499
797,499.95,1.09,0.65,1,0.5,0.021461,0.6501
798,499.95,1.1,0.65,1,0.5,0.020433,0.65
799,499.95,1.11,0.65,1,0.5,0.019678,0.6501
800,499.95,1.12,0.65,1,0.5,0.019498,0.65
801,499.95,1.13,0.65,1,0.5,0.019531,0.65
802,499.95,1.14,0.65,1,0.5,0.020553,0.6501
803,499.95,1.15,0.65,1,0.5,0.022668,0.6499
804,499.95,1.16,0.65,1,0.5,0.020972,0.6501
805,499.95,1.17,0.65,1,0.5,0.021027,0.65
806,499.95,1.18,0.65,1,0.5,0.019897,0.65
807,499.95,1.19,0.65,1,0.5,0.020803,0.6501
808,499.95,1.2,0.65,1,0.5,0.021689,0.65
809,499.95,0.2,0.7,1,0.5,0.008821,0.6999
810,499.95,0.21,0.7,1,0.5,0.009254,0.7002
811,499.95,0.22,0.7,1,0.5,0.009697,0.7
812,499.95,0.23,0.7,1,0.5,0.010133,0.7001
813,499.95,0.24,0.7,1,0.5,0.010554,0.7001
814,499.95,0.25,0.7,1,0.5,0.010975,0.6999
815,499.95,0.26,0.7,1,0.5,0.01126,0.7
816,499.95,0.27,0.7,1,0.5,0.011462,0.6999
817,499.95,0.28,0.7,1,0.5,0.010564,0.6999
818,499.95,0.29,0.7,1,0.5,0.010775,0.6999
819,499.95,0.3,0.7,1,0.5,0.010545,0.7001
820,499.95,0.31,0.7,1,0.5,0.01018,0.7
821,499.95,0.32,0.7,1,0.5,0.010282,0.6999
822,499.95,0.33,0.7,1,0.5,0.010701,0.6999
823,499.95,0.34,0.7,1,0.5,0.010911,0.7001
824,499.95,0.35,0.7,1,0.5,0.01097,0.7001
825,499.95,0.36,0.7,1,0.5,0.011345,0.7
826,499.95,0.37,0.7,1,0.5,0.011584,0.6999
827,499.95,0.38,0.7,1,0.5,0.012165,0.7
828,499.95,0.39,0.7,1,0.5,0.011151,0.6999
829,499.95,0.4,0.7,1,0.5,0.011862,0.7001
830,499.95,0.41,0.7,1,0.5,0.012437,0.7
831,499.95,0.42,0.7,1,0.5,0.012471,0.6999
832,499.95,0.43,0.7,1,0.5,0.012292,0.7002
833,499.95,0.44,0.7,1,0.5,0.013016,0.6999
834,499.95,0.45,0.7,1,0.5,0.012795,0.6999
835,499.95,0.46,0.7,1,0.5,0.01289,0.7
836,499.95,0.47,0.7,1,0.5,0.013613,0.6999
837,499.95,0.48,0.7,1,0.5,0.01389,0.7001
838,499.95,0.49,0.7,1,0.5,0.014977,0.7001
839,499.95,0.5,0.7,1,0.5,0.01356,0.7
840,499.95,0.51,0.7,1,0.5,0.014672,0.7
841,499.95,0.52,0.7,1,0.5,0.015099,0.7001
842,499.95,0.53,0.7,1,0.5,0.014188,0.7002
843,499.95,0.54,0.7,1,0.5,0.01469,0.7
844,499.95,0.55,0.7,1,0.5,0.013855,0.7
845,499.95,0.56,0.7,1,0.5,0.015346,0.7
846,499.95,0.57,0.7,1,0.5,0.015164,0.7
847,499.95,0.58,0.7,1,0.5,0.014393,0.7
848,499.95,0.59,0.7,1,0.5,0.014563,0.7001
849,499.95,0.6,0.7,1,0.5,0.0153,0.7
850,499.95,0.61,0.7,1,0.5,0.015899,0.6999
851,499.95,0.62,0.7,1,0.5,0.015716,0.7
852,499.95,0.63,0.7,1,0.5,0.016263,0.7001
853,499.95,0.64,0.7,1,0.5,0.016141,0.7002
854,499.95,0.65,0.7,1,0.5,0.015144,0.6999
855,499.95,0.66,0.7,1,0.5,0.016214,0.7001
856,499.95,0.67,0.7,1,0.5,0.016008,0.7001
857,499.95,0.68,0.7,1,0.5,0.016322,0.7001
858,499.95,0.69,0.7,1,0.5,0.017219,0.7002
859,499.95,0.7,0.7,1,0.5,0.01637,0.7001
860,499.95,0.71,0.7,1,0.5,0.015221,0.7002
861,499.95,0.72,0.7,1,0.5,0.016225,0.7
862,499.95,0.73,0.7,1,0.5,0.018073,0.6999
863,499.95,0.74,0.7,1,0.5,0.016677,0.7001
864,499.95,0.75,0.7,1,0.5,0.016797,0.6999
865,499.95,0.76,0.7,1,0.5,0.016847,0.7
866,499.95,0.77,0.7,1,0.5,0.018224,0.7
867,499.95,0.78,0.7,1,0.5,0.016901,0.7001
868,499.95,0.79,0.7,1,0.5,0.016608,0.7001
869,499.95,0.8,0.7,1,0.5,0.01684,0.7
870,499.95,0.81,0.7,1,0.5,0.01771,0.7
871,499.95,0.82,0.7,1,0.5,0.017007,0.7002
872,499.95,0.83,0.7,1,0.5,0.017636,0.6999
873,499.95,0.84,0.7,1,0.5,0.01728,0.7
874,499.95,0.85,0.7,1,0.5,0.017359,0.6998
875,499.95,0.86,0.7,1,0.5,0.017201,0.6999
876,499.95,0.87,0.7,1,0.5,0.017525,0.7002
877,499.95,0.88,0.7,1,0.5,0.017461,0.6999
878,499.95,0.89,0.7,1,0.5,0.01727,0.7
879,499.95,0.9,0.7,1,0.5,0.01817,0.6999
880,499.95,0.91,0.7,1,0.5,0.017118,0.6997
881,499.95,0.92,0.7,1,0.5,0.018769,0.7001
882,499.95,0.93,0.7,1,0.5,0.020017,0.7002
883,499.95,0.94,0.7,1,0.5,0.018528,0.7
884,499.95,0.95,0.7,1,0.5,0.018848,0.6999
885,499.95,0.96,0.7,1,0.5,0.017979,0.7
886,499.95,0.97,0.7,1,0.5,0.017662,0.6998
887,499.95,0.98,0.7,1,0.5,0.019814,0.7
888,499.95,0.99,0.7,1,0.5,0.017776,0.7
889,499.95,1.0,0.7,1,0.5,0.019097,0.6999
890,499.95,1.01,0.7,1,0.5,0.01939,0.7
891,499.95,1.02,0.7,1,0.5,0.017539,0.7
892,499.95,1.03,0.7,1,0.5,0.019124,0.7001
893,499.95,1.04,0.7,1,0.5,0.019634,0.6999
894,499.95,1.05,0.7,1,0.5,0.018548,0.6999
895,499.95,1.06,0.7,1,0.5,0.018227,0.7
896,499.95,1.07,0.7,1,0.5,0.019439,0.7
897,499.95,1.08,0.7,1,0.5,0.017208,0.7001
898,499.95,1.09,0.7,1,0.5,0.020375,0.6999
899,499.95,1.1,0.7,1,0.5,0.020807,0.7
900,499.95,1.11,0.7,1,0.5,0.019497,0.6999
901,499.95,1.12,0.7,1,0.5,0.020639,0.7001
902,499.95,1.13,0.7,1,0.5,0.018455,0.7001
903,499.95,1.14,0.7,1,0.5,0.019156,0.7
904,499.95,1.15,0.7,1,0.5,0.01984,0.6998
905,499.95,1.16,0.7,1,0.5,0.019413,0.7
906,499.95,1.17,0.7,1,0.5,0.020372,0.6999
907,499.95,1.18,0.7,1,0.5,0.019773,0.7
908,499.95,1.19,0.7,1,0.5,0.021556,0.7
909,499.95,1.2,0.7,1,0.5,0.020553,0.7
